Cars,displace,power,speed,weight,length,width
honda civic,1396,90,174,850,369,166
renault 19,1721,92,180,965,415,169
fiat tipo,1580,83,170,970,395,170
peugeot 405,1769,90,180,1080,440,169
renault 21,2068,88,180,1135,446,170
citroen bx,1769,90,182,1060,424,168
bmw 530i,2986,188,226,1510,472,175
rover 827i,2675,177,222,1365,469,175
renault 25,2548,182,226,1350,471,180
opel omega,1998,122,190,1255,473,177
peugeot 405 break,1905,125,194,1120,439,171
ford sierra,1993,115,185,1190,451,172
bmw 325ix,2494,171,208,1300,432,164
audi 90 quattro,1994,160,214,1220,439,169
ford scorpio,2933,150,200,1345,466,176
renault espace,1995,120,177,1265,436,177
nissan vanette,1952,87,144,1430,436,169
vw caravelle,2109,112,149,1320,457,184
ford fiesta,1117,50,135,810,371,162
fiat uno,1116,58,145,780,364,155
peugeot 205,1580,80,159,880,370,156
peugeot 205 rallye,1294,103,189,805,370,157
seat ibiza sx i,1461,100,181,925,363,161
citroen ax sport,1294,95,184,730,350,160
