Cars,real_speed,pred_full,pred_pca,resid_full,resid_pca
honda civic,174,169.8298500522324,166.31161154164366,4.170149947767612,7.688388458356343
renault 19,180,177.47106540532488,168.83543940960493,2.528934594675121,11.16456059039507
fiat tipo,170,161.6337408449847,162.1891557698325,8.366259155015314,7.810844230167504
peugeot 405,180,174.85683505262247,169.07566658584992,5.143164947377528,10.924333414150084
renault 21,180,171.15730928064494,172.6965089021014,8.842690719355062,7.303491097898586
citroen bx,182,171.2848895322644,170.66809730663337,10.715110467735599,11.33190269336663
bmw 530i,226,220.20379676112032,229.7249585665098,5.796203238879684,-3.724958566509798
rover 827i,222,223.27804037175235,217.94478398902248,-1.278040371752354,4.055216010977517
renault 25,226,225.59572485635795,211.8750887103959,0.4042751436420531,14.124911289604114
opel omega,190,190.62044570616354,178.41699005681863,-0.6204457061635367,11.583009943181366
peugeot 405 break,194,195.83897967309542,184.86862678696858,-1.838979673095423,9.131373213031424
ford sierra,185,186.22549367104435,181.21998441632803,-1.2254936710443474,3.780015583671968
bmw 325ix,208,216.7894684386318,225.61282589300808,-8.789468438631786,-17.61282589300808
audi 90 quattro,214,213.75758753308665,205.0768797801925,0.2424124669133505,8.923120219807487
ford scorpio,200,204.66212099265053,209.50791016614255,-4.662120992650529,-9.507910166142551
renault espace,177,174.2166005823126,179.15975188902686,2.7833994176874057,-2.1597518890268645
nissan vanette,144,139.06181313616327,175.15273673930545,4.938186863836734,-31.152736739305453
vw caravelle,149,167.40941097653553,169.38861966030598,-18.409410976535526,-20.388619660305977
ford fiesta,135,146.1395378389272,148.08793768084516,-11.139537838927197,-13.087937680845158
fiat uno,145,156.3680990990547,159.5469178315483,-11.368099099054689,-14.546917831548313
peugeot 205,159,166.78824817592422,177.0091766048743,-7.788248175924224,-18.009176604874312
peugeot 205 rallye,189,188.93344154300718,179.958106326556,0.06655845699282281,9.041893673444008
seat ibiza sx i,181,171.13609462284649,178.6562154405549,9.863905377153515,2.343784559445112
citroen ax sport,184,180.74140585325256,173.01600994593247,3.2585941467474413,10.983990054067533
