Cars,real_speed,model,predicted_speed
honda civic,174,OLS (5 predictors),168.6656287674239
honda civic,174,PCR (1 PCs),166.61914778544877
honda civic,174,PCR (2 PCs),165.8657994143772
honda civic,174,PCR (3 PCs),177.72229498259975
honda civic,174,PCR (4 PCs),173.42315801641695
honda civic,174,PCR (5 PCs),168.66562876742375
renault 19,180,OLS (5 predictors),177.10069723418252
renault 19,180,PCR (1 PCs),176.88962483705836
renault 19,180,PCR (2 PCs),168.17730102138455
renault 19,180,PCR (3 PCs),171.43542254888195
renault 19,180,PCR (4 PCs),174.89450505383732
renault 19,180,PCR (5 PCs),177.10069723418246
fiat tipo,170,OLS (5 predictors),160.0435821458837
fiat tipo,170,PCR (1 PCs),174.24859200686575
fiat tipo,170,PCR (2 PCs),161.74788899504847
fiat tipo,170,PCR (3 PCs),167.60103415298002
fiat tipo,170,PCR (4 PCs),164.91480548127626
fiat tipo,170,PCR (5 PCs),160.04358214588356
peugeot 405,180,OLS (5 predictors),173.64558117786493
peugeot 405,180,PCR (1 PCs),181.39582151352022
peugeot 405,180,PCR (2 PCs),168.5018688687078
peugeot 405,180,PCR (3 PCs),162.93665518315908
peugeot 405,180,PCR (4 PCs),163.2762943776618
peugeot 405,180,PCR (5 PCs),173.64558117786487
renault 21,180,OLS (5 predictors),167.96409345005054
renault 21,180,PCR (1 PCs),185.34407193934635
renault 21,180,PCR (2 PCs),172.7698212571306
renault 21,180,PCR (3 PCs),161.56229556072049
renault 21,180,PCR (4 PCs),163.7806684811401
renault 21,180,PCR (5 PCs),167.96409345005054
citroen bx,182,OLS (5 predictors),170.20941086643023
citroen bx,182,PCR (1 PCs),178.98631487033
citroen bx,182,PCR (2 PCs),169.99270800769173
citroen bx,182,PCR (3 PCs),165.6130105619648
citroen bx,182,PCR (4 PCs),170.27287988926747
citroen bx,182,PCR (5 PCs),170.2094108664302
bmw 530i,226,OLS (5 predictors),217.83118998591664
bmw 530i,226,PCR (1 PCs),208.02249219332145
bmw 530i,226,PCR (2 PCs),230.99639745179792
bmw 530i,226,PCR (3 PCs),225.45394815483607
bmw 530i,226,PCR (4 PCs),225.80168957802852
bmw 530i,226,PCR (5 PCs),217.8311899859166
rover 827i,222,OLS (5 predictors),223.53722941583362
rover 827i,222,PCR (1 PCs),202.8220647376388
rover 827i,222,PCR (2 PCs),217.41003860326418
rover 827i,222,PCR (3 PCs),219.8905720481432
rover 827i,222,PCR (4 PCs),223.4408654903079
rover 827i,222,PCR (5 PCs),223.53722941583362
renault 25,226,OLS (5 predictors),225.45710308513566
renault 25,226,PCR (1 PCs),203.81275763897494
renault 25,226,PCR (2 PCs),209.70563859602117
renault 25,226,PCR (3 PCs),223.35765496450136
renault 25,226,PCR (4 PCs),225.21428416670247
renault 25,226,PCR (5 PCs),225.45710308513566
opel omega,190,OLS (5 predictors),190.8524429922955
opel omega,190,PCR (1 PCs),195.41723651425934
opel omega,190,PCR (2 PCs),177.2210819079608
opel omega,190,PCR (3 PCs),178.74402188640315
opel omega,190,PCR (4 PCs),182.14722227834736
opel omega,190,PCR (5 PCs),190.85244299229547
peugeot 405 break,194,OLS (5 predictors),196.07442801549018
peugeot 405 break,194,PCR (1 PCs),186.37125546799797
peugeot 405 break,194,PCR (2 PCs),184.47133177344037
peugeot 405 break,194,PCR (3 PCs),188.04926633549792
peugeot 405 break,194,PCR (4 PCs),191.16914441447798
peugeot 405 break,194,PCR (5 PCs),196.07442801549013
ford sierra,185,OLS (5 predictors),186.3839748162253
ford sierra,185,PCR (1 PCs),189.3564460804777
ford sierra,185,PCR (2 PCs),181.06197622842146
ford sierra,185,PCR (3 PCs),178.76259534136668
ford sierra,185,PCR (4 PCs),182.96354964315145
ford sierra,185,PCR (5 PCs),186.3839748162252
bmw 325ix,208,OLS (5 predictors),220.8849957367869
bmw 325ix,208,PCR (1 PCs),193.16466923296937
bmw 325ix,208,PCR (2 PCs),231.7503089408414
bmw 325ix,208,PCR (3 PCs),223.49109669746844
bmw 325ix,208,PCR (4 PCs),220.28348440925137
bmw 325ix,208,PCR (5 PCs),220.88499573678675
audi 90 quattro,214,OLS (5 predictors),213.64620714581562
audi 90 quattro,214,PCR (1 PCs),189.9251908133234
audi 90 quattro,214,PCR (2 PCs),204.0231006964302
audi 90 quattro,214,PCR (3 PCs),208.18116720102284
audi 90 quattro,214,PCR (4 PCs),208.5839583442834
audi 90 quattro,214,PCR (5 PCs),213.64620714581562
ford scorpio,200,OLS (5 predictors),209.05676023478065
ford scorpio,200,PCR (1 PCs),205.22865072233415
ford scorpio,200,PCR (2 PCs),211.32483873326868
ford scorpio,200,PCR (3 PCs),207.4625707750744
ford scorpio,200,PCR (4 PCs),207.4502725401581
ford scorpio,200,PCR (5 PCs),209.05676023478054
renault espace,177,OLS (5 predictors),173.51384786064023
renault espace,177,PCR (1 PCs),192.51116548968326
renault espace,177,PCR (2 PCs),179.5814134564249
renault espace,177,PCR (3 PCs),184.82065325643174
renault espace,177,PCR (4 PCs),183.2279677764771
renault espace,177,PCR (5 PCs),173.51384786064014
nissan vanette,144,OLS (5 predictors),126.86211878406002
nissan vanette,144,PCR (1 PCs),190.01679036215089
nissan vanette,144,PCR (2 PCs),180.34930705810876
nissan vanette,144,PCR (3 PCs),171.41452983539307
nissan vanette,144,PCR (4 PCs),170.46247797841662
nissan vanette,144,PCR (5 PCs),126.86211878405999
vw caravelle,149,OLS (5 predictors),178.22636677078276
vw caravelle,149,PCR (1 PCs),202.13429174334453
vw caravelle,149,PCR (2 PCs),176.75856515212013
vw caravelle,149,PCR (3 PCs),188.8857324844822
vw caravelle,149,PCR (4 PCs),188.51415476468688
vw caravelle,149,PCR (5 PCs),178.2263667707827
ford fiesta,135,OLS (5 predictors),148.28569575346162
ford fiesta,135,PCR (1 PCs),163.28228031798986
ford fiesta,135,PCR (2 PCs),150.37946141924687
ford fiesta,135,PCR (3 PCs),149.3827149917333
ford fiesta,135,PCR (4 PCs),148.61311869477265
ford fiesta,135,PCR (5 PCs),148.28569575346154
fiat uno,145,OLS (5 predictors),159.56920862797944
fiat uno,145,PCR (1 PCs),158.36432346377552
fiat uno,145,PCR (2 PCs),162.63544840774193
fiat uno,145,PCR (3 PCs),154.07644305548814
fiat uno,145,PCR (4 PCs),157.78062893538086
fiat uno,145,PCR (5 PCs),159.56920862797944
peugeot 205,159,OLS (5 predictors),169.2429894124594
peugeot 205,159,PCR (1 PCs),164.43426064283994
peugeot 205,159,PCR (2 PCs),179.73686592245343
peugeot 205,159,PCR (3 PCs),170.5161054044301
peugeot 205,159,PCR (4 PCs),169.81746721417886
peugeot 205,159,PCR (5 PCs),169.24298941245945
peugeot 205 rallye,189,OLS (5 predictors),188.91318741055892
peugeot 205 rallye,189,PCR (1 PCs),159.92085772574825
peugeot 205 rallye,189,PCR (2 PCs),176.97707662382925
peugeot 205 rallye,189,PCR (3 PCs),181.25200279768313
peugeot 205 rallye,189,PCR (4 PCs),183.9189996073275
peugeot 205 rallye,189,PCR (5 PCs),188.9131874105589
seat ibiza sx i,181,OLS (5 predictors),168.46136607853083
seat ibiza sx i,181,PCR (1 PCs),165.72333840408274
seat ibiza sx i,181,PCR (2 PCs),177.99145558261623
seat ibiza sx i,181,PCR (3 PCs),181.35827232220484
seat ibiza sx i,181,PCR (4 PCs),177.58921297084186
seat ibiza sx i,181,PCR (5 PCs),168.4613660785307
citroen ax sport,184,OLS (5 predictors),179.57491151309824
citroen ax sport,184,PCR (1 PCs),157.2774834828952
citroen ax sport,184,PCR (2 PCs),169.66932075150112
citroen ax sport,184,PCR (3 PCs),184.1104633869318
citroen ax sport,184,PCR (4 PCs),181.07655037921816
citroen ax sport,184,PCR (5 PCs),179.57491151309816
